id,name,username,email
1,LEANNE GRAHAM,Bret,Sincere@april.biz
2,ERVIN HOWELL,Antonette,Shanna@melissa.tv
3,CLEMENTINE BAUCH,Samantha,Nathan@yesenia.net
4,PATRICIA LEBSACK,Karianne,Julianne.OConner@kory.org
5,CHELSEY DIETRICH,Kamren,Lucio_Hettinger@annie.ca
6,MRS. DENNIS SCHULIST,Leopoldo_Corkery,Karley_Dach@jasper.info
7,KURTIS WEISSNAT,Elwyn.Skiles,Telly.Hoeger@billy.biz
8,NICHOLAS RUNOLFSDOTTIR V,Maxime_Nienow,Sherwood@rosamond.me
9,GLENNA REICHERT,Delphine,Chaim_McDermott@dana.io
10,CLEMENTINA DUBUQUE,Moriah.Stanton,Rey.Padberg@karina.biz
